Arrival rate8H,Finish rate8H,Num of unique resource8H,Process active time8H,Service time per case8H,Time in process per case8H,Waiting time in process per case8H,Num in process case8H
1,6,5,297.98333333333335,731.5666666666667,297.98333333333335,0.0,1.0
20,3,32,5625.2,2361.718421052631,296.06315789473683,0.0,15.0
15,0,28,4276.1,3126.9577777777777,285.0733333333334,0.0,27.0
1,0,3,224.3,455.53333333333336,224.3,0.0,28.0
14,0,19,3122.6,1100.732142857143,223.04285714285717,0.0,42.0
18,0,34,7355.166666666666,5022.460185185184,408.6203703703703,0.0,60.0
38,21,37,10087.56666666667,2356.160964912281,265.4622807017545,0.0,57.0
47,0,35,10292.833333333334,1877.588636363636,233.9280303030303,0.0,83.0
3,35,10,262.56666666666666,574.4111111111113,87.52222222222224,0.0,86.0
33,11,36,8220.349999999999,2123.469791666667,256.88593749999995,0.0,84.0
32,0,35,10500.433333333332,2629.5424731182793,338.7236559139785,0.0,105.0
3,34,11,865.9499999999998,4081.6,288.65,0.0,108.0
54,28,37,15079.116666666665,1477.304333333333,301.58233333333334,0.0,128.0
42,0,36,13807.86666666667,2614.3495934959346,336.7772357723578,0.0,142.0
2,32,13,746.2333333333332,2097.4083333333333,373.11666666666673,0.0,144.0
27,12,34,8869.016666666666,2283.9240740740743,328.4820987654321,0.0,139.0
32,2,28,6131.750000000001,1028.1048387096773,197.79838709677426,0.0,159.0
5,31,19,3244.4666666666667,5752.486666666668,648.8933333333333,0.0,162.0
36,11,36,13595.733333333335,3131.009722222223,377.6592592592593,0.0,167.0
28,0,31,9156.666666666666,1665.6185897435894,352.1794871794871,0.0,184.0
19,2,29,6005.083333333335,1856.937037037037,333.6157407407408,0.0,182.0
10,0,23,3826.183333333333,1451.186666666667,382.6183333333333,0.0,190.0
5,0,16,1529.0000000000002,2734.753333333333,305.80000000000007,0.0,195.0
25,0,28,5728.883333333332,1219.134027777778,238.7034722222222,0.0,220.0
27,0,30,5584.7,891.0895061728394,206.84074074074073,0.0,247.0
25,34,28,4211.916666666667,807.3333333333333,168.4766666666667,0.0,215.0
37,0,32,9685.733333333332,1414.3592592592593,269.04814814814813,0.0,218.0
3,41,13,1075.4833333333333,2227.038888888889,358.4944444444445,0.0,221.0
30,18,28,9277.8,2501.858888888889,309.2600000000001,0.0,210.0
26,0,34,6865.233333333334,2110.7611111111114,286.0513888888889,0.0,218.0
4,34,9,1327.2166666666667,861.7625,331.8041666666667,0.0,222.0
31,15,35,9439.333333333332,3783.882258064516,304.49462365591387,0.0,219.0
38,0,37,11805.316666666668,3651.974761904762,337.2947619047619,0.0,242.0
1,42,5,635.4333333333333,1638.216666666667,635.4333333333333,0.0,243.0
26,23,29,7937.25,2086.655555555556,330.71875,0.0,227.0
32,0,35,11309.233333333335,1577.5286458333335,353.41354166666673,0.0,236.0
2,31,14,1169.7333333333333,4531.608333333334,584.8666666666667,0.0,238.0
34,30,30,8225.8,1430.543010752688,265.34838709677416,0.0,241.0
23,0,30,5022.283333333333,2500.5412698412697,239.15634920634918,0.0,234.0
1,16,5,393.53333333333336,1918.216666666667,393.53333333333336,0.0,235.0
11,4,26,3926.2333333333336,3626.143939393941,356.9303030303031,0.0,230.0
19,0,28,6092.416666666668,1429.6377192982457,320.6535087719298,0.0,245.0
1,0,8,448.3,4117.016666666666,448.3,0.0,246.0
13,0,24,2312.7833333333333,871.4679487179485,177.90641025641025,0.0,259.0
14,0,22,5646.3166666666675,1592.9642857142856,403.30833333333334,0.0,273.0
4,42,4,51.21666666666666,32.74583333333333,12.804166666666665,0.0,277.0
41,36,38,10647.966666666662,2357.1581196581187,273.0247863247862,0.0,276.0
32,0,36,9354.1,2713.340555555556,311.80333333333334,0.0,272.0
3,48,6,1151.3833333333332,1285.727777777778,383.79444444444437,0.0,275.0
34,27,35,9852.333333333334,1869.732323232324,298.5555555555556,0.0,261.0
39,0,33,9317.7,1863.8981481481478,258.82500000000005,0.0,273.0
4,48,4,54.21666666666666,54.25833333333333,13.554166666666665,0.0,277.0
47,33,37,11291.45,1564.8406976744184,262.59186046511627,0.0,276.0
39,0,38,10146.983333333332,2388.5302631578948,267.0258771929824,0.0,282.0
2,33,9,450.35,3099.858333333333,225.175,0.0,284.0
27,21,33,7912.3166666666675,2153.655769230769,304.3198717948718,0.0,278.0
27,0,37,6645.666666666668,2408.7999999999993,255.6025641025641,0.0,284.0
2,45,10,735.15,1278.825,367.575,0.0,286.0
43,17,36,13395.250000000002,2025.5449612403095,311.5174418604652,0.0,284.0
18,0,29,4672.383333333333,2168.477777777778,259.57685185185187,0.0,285.0
1,27,1,11.633333333333333,11.633333333333333,11.633333333333333,0.0,286.0
26,3,29,7151.483333333334,1314.522435897436,275.0570512820513,0.0,285.0
12,0,27,3961.066666666667,3329.2666666666664,330.0888888888889,0.0,294.0
4,0,2,124.36666666666666,31.091666666666665,31.091666666666665,0.0,298.0
16,0,25,4172.950000000002,1169.0656249999995,260.80937500000005,0.0,314.0
18,0,24,4221.516666666666,1314.7480392156865,248.3245098039216,0.0,332.0
2,55,3,40.2,39.675,20.1,0.0,334.0
40,38,38,12912.166666666668,2768.369658119658,331.08119658119665,0.0,319.0
32,0,35,10960.266666666668,3210.6711111111113,365.3422222222223,0.0,313.0
2,44,1,17.566666666666666,8.783333333333333,8.783333333333333,0.0,315.0
31,30,35,9539.566666666668,2273.767777777778,317.9855555555556,0.0,302.0
34,0,32,11089.983333333335,2577.826960784314,326.17598039215693,0.0,306.0
3,38,10,715.1166666666667,2074.1111111111113,238.37222222222226,0.0,309.0
29,20,26,5638.233333333334,1437.2104938271607,208.82345679012343,0.0,300.0
27,0,34,8662.333333333336,2406.710897435898,333.16666666666674,0.0,307.0
3,50,8,745.55,1053.3222222222225,248.51666666666665,0.0,310.0
33,25,33,8174.499999999999,1510.4020833333334,255.453125,0.0,293.0
34,0,33,9943.350000000002,1758.740104166667,310.72968750000007,0.0,302.0
3,39,12,909.3,2461.577777777778,303.1,0.0,305.0
33,22,31,8673.5,1569.659595959596,262.8333333333333,0.0,299.0
14,0,23,5171.616666666667,1437.2964285714286,369.4011904761905,0.0,291.0
1,21,6,663.4166666666666,3062.666666666666,663.4166666666666,0.0,292.0
15,4,25,2501.6666666666665,1210.4000000000005,166.77777777777774,0.0,286.0
16,0,29,4321.45,1384.515555555556,288.09666666666664,0.0,298.0
3,0,11,1798.416666666667,4918.833333333333,599.4722222222222,0.0,301.0
15,1,28,5937.766666666667,2693.152222222222,395.8511111111112,0.0,316.0
18,0,36,6262.0666666666675,3016.6572916666673,391.37916666666666,0.0,333.0
3,64,14,710.1166666666667,2032.4388888888889,236.70555555555558,0.0,336.0
37,42,33,8114.616666666666,1068.9280952380952,231.84619047619046,0.0,309.0
40,0,34,10344.4,1362.3619658119658,265.2410256410257,0.0,307.0
4,48,14,750.1833333333333,663.8875,187.5458333333333,0.0,311.0
39,26,32,8968.33333333333,1806.5427350427349,229.95726495726487,0.0,302.0
27,1,25,5954.066666666667,1083.2762820512821,229.0025641025641,0.0,303.0
1,53,2,1.95,4.55,1.95,0.0,303.0
48,25,37,13153.433333333332,1727.1174242424238,298.94166666666666,0.0,298.0
45,0,37,10958.200000000004,2431.295238095237,260.9095238095239,0.0,318.0
3,41,2,24.916666666666664,8.305555555555555,8.305555555555555,0.0,321.0
32,37,33,9063.633333333333,2575.8061111111106,302.1211111111112,0.0,312.0
26,0,38,10675.05,3575.57,427.002,0.0,301.0
37,33,35,6895.583333333334,1490.1995495495496,186.36711711711715,0.0,300.0
31,0,38,10957.7,3219.1193548387105,353.4741935483871,0.0,298.0
3,24,5,289.28333333333336,148.0,96.4277777777778,0.0,301.0
20,2,36,7418.4,3901.7324999999987,370.92,0.0,297.0
15,0,30,5288.7,3809.7,352.58,0.0,310.0
1,0,5,723.1,3162.316666666666,723.1,0.0,311.0
21,0,34,8272.949999999999,3455.644444444445,393.94999999999993,0.0,332.0
19,3,24,5284.533333333332,942.4008771929823,278.13333333333327,0.0,351.0
3,58,15,1207.9166666666665,1281.1055555555556,402.63888888888886,0.0,351.0
36,35,38,11345.566666666668,2950.317156862746,333.693137254902,0.0,329.0
45,0,33,14409.36666666667,1869.645634920635,343.0801587301588,0.0,339.0
2,49,22,1387.05,26111.59166666667,693.525,0.0,341.0
32,33,36,7801.333333333332,1877.930459770115,269.01149425287355,0.0,324.0
38,0,42,14608.283333333333,4265.236486486489,394.8184684684684,0.0,329.0
6,38,14,1647.0500000000004,1179.8444444444444,274.5083333333334,0.0,335.0
40,27,35,10273.95,4149.5846491228085,270.3671052631579,0.0,337.0
37,0,36,10346.483333333335,2346.0689189189193,279.63468468468466,0.0,347.0
5,75,15,992.05,1107.8133333333335,198.41000000000003,0.0,352.0
76,64,39,9885.933333333338,875.6585714285715,141.2276190476191,0.0,353.0
73,0,36,9324.883333333333,918.4588383838386,141.2861111111111,0.0,362.0
4,64,8,748.85,370.35,187.2125,0.0,366.0
46,31,35,9439.516666666665,1358.188636363636,214.5344696969696,0.0,348.0
28,0,30,7964.583333333335,2248.3714285714277,284.4494047619048,0.0,345.0
6,33,9,819.6333333333333,254.51388888888886,136.60555555555553,0.0,351.0
22,8,32,5382.016666666666,2666.995000000001,269.10083333333336,0.0,340.0
21,0,30,7432.199999999999,2520.985,371.61,0.0,353.0
3,3,1,96.75,32.25,32.25,0.0,356.0
18,0,29,4718.0,3073.186666666667,314.53333333333336,0.0,371.0
17,1,30,5593.233333333335,2765.33431372549,329.0137254901961,0.0,388.0
2,62,6,262.2833333333333,430.40833333333336,131.14166666666665,0.0,389.0
36,50,37,9008.35,1334.781862745098,264.95147058823517,0.0,363.0
41,0,40,11149.3,2649.4247863247874,285.87948717948717,0.0,354.0
6,58,10,1352.5500000000004,478.91666666666674,225.42500000000004,0.0,360.0
49,31,41,12179.933333333334,2526.3305555555553,253.7486111111112,0.0,351.0
30,0,37,9255.333333333332,1628.9394444444447,308.51111111111106,0.0,350.0
4,42,20,1144.9,2608.2166666666667,286.225,0.0,354.0
31,34,39,9991.483333333334,1922.2505376344086,322.30591397849463,0.0,343.0
49,0,35,9905.133333333333,1549.9256944444446,206.35694444444442,0.0,358.0
5,33,12,978.7833333333334,993.6166666666666,195.7566666666667,0.0,363.0
37,74,41,9956.75,2329.108571428571,284.47857142857146,0.0,367.0
105,1,38,13736.000000000002,1006.5475177304967,146.1276595744681,0.0,398.0
9,72,6,664.9333333333333,325.9055555555556,73.88148148148147,0.0,406.0
50,33,39,10896.583333333332,1491.0472222222227,227.01215277777771,0.0,384.0
35,0,41,11745.383333333333,4612.89705882353,345.45245098039214,0.0,386.0
1,37,8,748.6833333333333,3174.45,748.6833333333333,0.0,387.0
30,8,33,5720.283333333334,1238.2553571428573,204.29583333333332,0.0,380.0
11,0,27,4763.35,3496.133333333333,433.03181818181815,0.0,383.0
2,0,1,59.25,29.625,29.625,0.0,385.0
19,0,34,6039.016666666666,2315.3508771929824,317.84298245614036,0.0,404.0
12,0,22,3101.5000000000005,1228.0136363636366,281.9545454545455,0.0,416.0
2,85,7,231.11666666666667,1324.1833333333334,115.55833333333334,0.0,418.0
41,48,30,4603.066666666667,397.195945945946,124.40720720720721,0.0,374.0
31,0,41,9038.450000000004,2286.353333333333,301.28166666666675,0.0,357.0
6,63,16,1679.8333333333335,1586.8583333333331,279.97222222222223,0.0,363.0
30,19,40,6055.416666666668,2946.916666666666,208.80747126436782,0.0,330.0
43,1,37,7366.833333333334,1395.8003968253963,175.40079365079367,0.0,354.0
1,58,1,1.6166666666666667,1.6166666666666667,1.6166666666666667,0.0,354.0
39,20,42,16318.35,3475.0128571428572,466.23857142857145,0.0,335.0
33,0,40,10066.783333333336,2175.021717171717,305.05404040404045,0.0,348.0
1,49,6,488.1,2945.816666666666,488.1,0.0,349.0
31,49,30,5190.583333333333,1332.5194444444448,173.01944444444442,0.0,331.0
25,0,29,6208.783333333335,1410.737333333333,248.3513333333334,0.0,307.0
1,37,3,20.5,87.58333333333331,20.5,0.0,308.0
28,21,35,7404.166666666664,1281.8785714285714,264.43452380952374,0.0,299.0
25,0,35,6469.983333333334,1743.3166666666666,269.5826388888889,0.0,303.0
7,36,13,1121.9666666666667,810.4428571428572,160.2809523809524,0.0,310.0
21,8,28,4858.183333333333,1117.7468253968254,231.34206349206346,0.0,295.0
8,0,11,1419.7333333333331,412.65,177.46666666666664,0.0,295.0
2,2,10,644.5833333333334,3903.6583333333338,322.2916666666667,0.0,297.0
18,0,34,6584.266666666666,2845.034259259259,365.7925925925925,0.0,313.0
17,0,34,4807.949999999999,3553.925490196078,282.82058823529405,0.0,330.0
3,72,5,972.2,413.58888888888885,324.06666666666666,0.0,333.0
35,27,36,10014.45,2055.937373737374,303.4681818181818,0.0,296.0
34,0,41,11522.283333333333,2086.2272727272725,349.16010101010096,0.0,303.0
1,45,1,8.166666666666666,8.166666666666666,8.166666666666666,0.0,304.0
37,30,39,11475.999999999995,3223.036666666668,327.88571428571413,0.0,296.0
33,0,35,8009.749999999999,1956.152525252525,242.7196969696969,0.0,299.0
5,43,9,570.6666666666666,295.11333333333334,114.13333333333333,0.0,304.0
31,32,31,7948.383333333334,1542.005913978494,256.39946236559143,0.0,292.0
37,0,42,8342.616666666665,2206.733823529412,245.3710784313725,0.0,297.0
4,54,9,406.98333333333335,553.2,101.74583333333334,0.0,301.0
46,33,39,10543.183333333327,1654.1999999999994,234.29296296296283,0.0,293.0
35,0,35,9744.2,2733.884803921569,286.59411764705885,0.0,295.0
2,42,5,301.1,1029.9083333333333,150.55,0.0,297.0
32,24,40,10192.683333333334,3150.163978494624,328.7962365591398,0.0,287.0
18,0,36,7133.483333333335,3387.263888888889,396.3046296296297,0.0,281.0
6,17,21,2589.05,1573.8027777777775,431.50833333333327,0.0,287.0
28,6,40,10333.966666666667,3004.5202380952387,369.0702380952381,0.0,298.0
20,0,25,4124.666666666666,1120.4263157894736,217.0877192982456,0.0,312.0
13,0,25,4296.616666666668,4629.166666666666,330.5089743589745,0.0,324.0
25,1,32,4777.966666666667,931.4972222222225,199.08194444444447,0.0,349.0
2,77,8,417.4833333333333,619.2416666666667,208.74166666666665,0.0,350.0
36,30,41,10114.3,3552.126666666667,288.98,0.0,309.0
38,0,36,12659.916666666664,2717.70350877193,333.155701754386,0.0,317.0
4,52,1,27.68333333333333,6.9208333333333325,6.9208333333333325,0.0,321.0
19,28,34,5705.0666666666675,4069.0649122807013,300.26666666666665,0.0,288.0
34,0,37,9534.683333333334,2543.775,297.9588541666667,0.0,294.0
31,22,28,4951.1500000000015,800.9758620689653,170.72931034482758,0.0,281.0
26,1,37,7670.716666666667,2003.842666666667,306.82866666666666,0.0,285.0
4,34,7,348.7,859.8791666666667,87.175,0.0,288.0
29,20,35,9922.716666666667,3011.3209876543215,367.50802469135806,0.0,283.0
19,0,27,4860.9,1061.7740740740742,270.04999999999995,0.0,282.0
1,35,1,9.05,9.05,9.05,0.0,283.0
21,24,31,4320.633333333333,1262.7783333333332,216.03166666666667,0.0,269.0
22,0,35,4623.65,1652.225,210.16590909090908,0.0,267.0
25,4,36,10404.883333333333,2236.819333333333,416.1953333333333,0.0,261.0
16,0,38,8416.616666666667,5133.835416666667,526.0385416666667,0.0,273.0
18,0,34,7913.2,3271.7898148148142,439.6222222222222,0.0,289.0
16,0,24,1322.1333333333332,405.09111111111116,88.14222222222222,0.0,305.0
4,49,3,34.90000000000001,15.595833333333335,8.725000000000001,0.0,309.0
41,37,35,7585.6500000000015,941.4945833333336,189.64125,0.0,301.0
38,0,38,7947.183333333335,1486.6093137254902,233.7406862745099,0.0,302.0
4,47,6,787.6333333333334,706.9958333333333,196.90833333333336,0.0,306.0
26,26,30,5364.749999999999,983.380128205128,206.3365384615384,0.0,285.0
33,0,37,9945.716666666667,1361.0869791666667,310.80364583333335,0.0,292.0
3,47,9,650.0666666666666,3457.666666666666,216.6888888888889,0.0,295.0
25,23,29,8411.95,1990.2859999999994,336.478,0.0,273.0
30,0,38,7503.316666666667,2228.5372222222213,250.11055555555552,0.0,280.0
3,38,10,789.95,1454.294444444445,263.31666666666666,0.0,283.0
25,17,31,6313.066666666665,1661.3239130434781,274.48115942028977,0.0,270.0
35,0,35,10340.05,1739.083823529412,304.11911764705883,0.0,288.0
4,39,17,764.3833333333333,1541.4833333333331,191.09583333333333,0.0,292.0
32,15,37,11401.233333333335,3596.6171875,356.28854166666673,0.0,285.0
16,0,32,8819.816666666668,3969.665625,551.2385416666667,0.0,286.0
1,30,1,12.95,46.03333333333333,12.95,0.0,287.0
15,5,31,6377.3,3020.4011111111113,425.15333333333336,0.0,272.0
13,0,23,5541.0666666666675,2755.912820512821,426.23589743589736,0.0,280.0
1,0,9,469.63333333333327,4534.316666666667,469.63333333333327,0.0,281.0
5,0,17,2208.183333333333,2614.103333333333,441.63666666666666,0.0,286.0
8,1,25,3000.633333333333,3010.2479166666667,375.07916666666665,0.0,294.0
1,46,1,8.433333333333334,8.433333333333334,8.433333333333334,0.0,294.0
25,35,35,8609.15,2175.7368055555553,358.7145833333333,0.0,273.0
26,0,37,8776.95,1901.6208333333327,365.70625,0.0,264.0
3,49,5,199.25000000000003,139.04444444444445,66.41666666666667,0.0,267.0
26,22,33,6876.983333333335,2044.8253333333332,275.0793333333333,0.0,244.0
22,0,40,6575.133333333334,2628.286507936508,313.10158730158736,0.0,244.0
3,44,12,1458.1666666666665,2306.9666666666667,486.0555555555555,0.0,247.0
26,19,34,5816.833333333332,1454.2724358974356,223.72435897435886,0.0,229.0
30,0,37,8510.033333333333,2039.8597701149426,293.4494252873563,0.0,240.0
2,44,16,882.3333333333333,3425.9833333333336,441.1666666666666,0.0,242.0
27,27,39,11221.316666666668,4322.443333333333,448.8526666666667,0.0,225.0
33,0,38,10747.766666666665,3533.391397849463,346.70215053763434,0.0,231.0
1,27,6,752.25,4073.0,752.25,0.0,232.0
19,13,30,6641.533333333333,2211.1703703703697,368.9740740740741,0.0,224.0
17,0,30,5404.033333333335,1235.0479166666667,337.75208333333336,0.0,228.0
3,24,6,1328.8666666666668,1100.8111111111114,442.95555555555563,0.0,231.0
12,2,24,4888.466666666667,1999.9303030303035,444.40606060606063,0.0,219.0
4,0,7,599.3833333333333,472.16666666666674,149.84583333333333,0.0,221.0
2,0,2,93.85,102.875,46.925,0.0,223.0
2,0,11,790.7666666666668,1396.783333333333,395.38333333333327,0.0,225.0
9,0,25,3270.866666666667,1366.2944444444447,363.4296296296296,0.0,234.0
16,2,35,6446.95,1535.7375000000004,402.934375,0.0,233.0
9,0,29,6004.016666666667,4114.57037037037,667.112962962963,0.0,240.0
2,45,5,203.51666666666665,270.35,101.75833333333333,0.0,242.0
30,34,40,10206.216666666664,2724.491071428572,364.50773809523804,0.0,227.0
21,0,33,7376.55,1712.4816666666666,368.8275,0.0,214.0
5,24,5,50.96666666666668,17.97,10.193333333333337,0.0,219.0
43,31,43,17275.083333333332,2636.6890243902435,421.3434959349593,0.0,238.0
38,0,37,9842.249999999998,1192.0276315789474,259.0065789473684,0.0,245.0
5,45,9,1148.7833333333333,843.0433333333333,229.75666666666663,0.0,250.0
40,35,40,13363.783333333333,2734.046052631579,351.6785087719298,0.0,245.0
43,1,41,18027.000000000007,4857.6954166666665,450.6750000000001,0.0,253.0
2,34,10,883.25,4251.366666666667,441.625,0.0,254.0
28,20,37,9241.866666666667,1800.4880952380954,330.06666666666666,0.0,248.0
22,0,29,6093.450000000002,1657.7373015873015,290.1642857142857,0.0,250.0
5,27,25,2530.4666666666667,4064.106666666666,506.09333333333336,0.0,255.0
16,0,41,7253.716666666666,4545.878888888889,483.58111111111117,0.0,244.0
3,0,13,2261.05,4007.072222222223,753.6833333333334,0.0,247.0
3,0,6,1029.2333333333333,511.08333333333326,343.07777777777784,0.0,250.0
10,0,33,5091.883333333333,4227.633333333333,509.1883333333333,0.0,260.0
12,1,25,3626.833333333334,1817.325,302.2361111111112,0.0,272.0
4,41,10,1112.5666666666666,1195.9041666666667,278.14166666666665,0.0,275.0
47,23,46,18722.050000000007,3310.814814814814,416.04555555555567,0.0,281.0
46,1,42,12256.816666666668,1744.1920454545457,278.56401515151515,0.0,304.0
4,58,22,1894.666666666667,5053.825,473.66666666666674,0.0,307.0
50,26,42,17860.8,2640.853472222222,372.1,0.0,299.0
43,0,37,12172.466666666667,1998.0243902439026,296.88943089430893,0.0,316.0
6,50,17,1864.9333333333332,2477.1694444444447,310.82222222222225,0.0,322.0
36,33,33,4690.1,1023.190476190476,134.00285714285715,0.0,308.0
57,0,42,14305.516666666668,1552.7303030303033,260.10030303030305,0.0,332.0
6,54,25,3504.4,5429.597222222223,584.0666666666667,0.0,338.0
31,20,45,14931.116666666667,6461.461666666667,497.7038888888889,0.0,315.0
43,0,39,10943.249999999998,1416.8365853658534,266.9085365853658,0.0,338.0
4,47,12,1096.2333333333333,1341.4333333333334,274.05833333333334,0.0,342.0
35,21,40,10213.316666666666,3449.4558823529414,300.39166666666665,0.0,330.0
19,0,27,4820.033333333334,1352.6508771929828,253.68596491228072,0.0,328.0
4,27,9,822.9666666666667,970.2666666666668,205.74166666666667,0.0,332.0
13,3,22,1898.35,646.2025641025641,146.02692307692308,0.0,318.0
25,0,38,7704.950000000003,2004.167333333333,308.1980000000001,0.0,340.0
4,0,13,1082.6333333333334,1364.3166666666666,270.65833333333336,0.0,344.0
20,0,36,8014.333333333334,3348.1149999999993,400.7166666666667,0.0,364.0
25,0,40,6498.366666666668,2337.5173611111113,270.76527777777784,0.0,389.0
4,66,7,580.7833333333333,430.49166666666673,145.19583333333333,0.0,393.0
32,20,36,7296.749999999999,1176.4135416666666,228.0234375,0.0,359.0
49,0,40,12467.633333333333,1791.3091836734695,254.44149659863945,0.0,388.0
2,40,11,885.5166666666668,3111.3,442.75833333333327,0.0,390.0
18,23,39,8131.916666666666,3150.5972222222217,451.7731481481481,0.0,368.0
39,0,43,11980.266666666665,2136.995495495496,323.79099099099096,0.0,384.0
2,27,2,207.4333333333333,113.41666666666666,103.71666666666668,0.0,386.0
31,22,42,10587.35,2424.063793103448,365.0810344827586,0.0,390.0
33,1,37,11225.95,2969.9858585858588,340.1803030303031,0.0,401.0
4,41,18,2585.5666666666666,3350.270833333333,646.3916666666668,0.0,404.0
36,23,37,11231.03333333333,1597.9809523809522,320.8866666666665,0.0,399.0
39,0,36,11013.183333333332,1760.6166666666666,297.65360360360364,0.0,415.0
3,56,10,485.58333333333337,1102.0277777777776,161.86111111111111,0.0,418.0
40,30,37,9278.866666666663,1472.8824324324319,250.78018018018014,0.0,402.0
32,0,38,8422.433333333334,1440.6727777777774,280.7477777777778,0.0,404.0
3,41,12,739.4333333333333,777.0222222222225,246.47777777777776,0.0,407.0
26,8,41,8638.316666666666,4527.05138888889,359.92986111111105,0.0,392.0
29,0,33,6455.499999999999,1804.7464285714289,230.5535714285714,0.0,413.0
2,2,8,516.2166666666667,1155.3083333333334,258.10833333333335,0.0,415.0
25,0,37,8814.183333333334,2071.075999999999,352.5673333333333,0.0,438.0
30,1,33,6946.399999999999,1178.378735632184,239.53103448275857,0.0,468.0
49,36,37,15547.7,2354.2612244897955,317.3,0.0,409.0
50,1,37,10732.56666666667,1465.96884057971,233.31666666666672,0.0,423.0
5,76,10,592.1166666666667,1033.1066666666666,118.42333333333332,0.0,427.0
34,25,40,9532.283333333336,2503.996464646464,288.8570707070708,0.0,385.0
26,1,39,10633.433333333334,2473.988,425.33733333333333,0.0,386.0
5,86,25,2658.4999999999995,7999.553333333332,531.6999999999998,0.0,390.0
55,34,41,13073.85,1799.7384353741495,266.81326530612245,0.0,359.0
37,0,37,9205.666666666668,1009.185238095238,263.01904761904757,0.0,362.0
5,39,25,1503.5833333333335,7582.386666666665,300.7166666666667,0.0,367.0
23,31,36,7416.466666666667,3311.239855072464,322.45507246376815,0.0,351.0
25,0,39,9499.833333333334,1877.727333333333,379.9933333333333,0.0,345.0
3,25,18,1651.9166666666665,4406.383333333333,550.6388888888888,0.0,348.0
31,21,37,10101.266666666666,1655.6591954022986,348.31954022988504,0.0,354.0
26,0,35,7322.266666666666,2757.995512820513,281.62564102564096,0.0,359.0
2,32,8,593.2166666666667,1410.3666666666666,296.60833333333335,0.0,361.0
23,5,29,4877.066666666667,1186.7927536231884,212.0463768115942,0.0,352.0
20,0,33,5551.033333333333,1770.7716666666665,277.5516666666666,0.0,367.0
2,3,9,462.45,2970.383333333333,231.225,0.0,369.0
24,0,35,7779.9000000000015,2002.930303030303,353.63181818181823,0.0,390.0
16,0,37,5722.55,2838.385416666666,357.659375,0.0,406.0
2,74,1,14.816666666666665,12.841666666666665,7.408333333333332,0.0,408.0
41,39,41,11042.116666666667,1926.2883333333327,276.0529166666667,0.0,375.0
49,1,43,19148.78333333333,2426.764539007092,407.42092198581537,0.0,385.0
2,60,1,11.716666666666667,5.8583333333333325,5.8583333333333325,0.0,386.0
32,34,42,9148.033333333333,1722.6338709677414,295.0978494623656,0.0,358.0
40,1,41,14088.499999999998,2144.0538461538467,361.2435897435897,0.0,364.0
4,46,19,1831.3666666666668,2683.495833333333,457.8416666666667,0.0,367.0
43,22,37,12421.750000000002,2089.63875,310.5437500000001,0.0,364.0
26,0,40,8815.233333333334,1736.2461538461537,339.0474358974359,0.0,368.0
5,39,18,1944.3666666666668,2045.54,388.8733333333333,0.0,373.0
27,30,40,5104.016666666666,2207.776923076923,196.3083333333333,0.0,361.0
24,0,36,8283.183333333334,1748.9819444444445,345.13263888888895,0.0,355.0
2,32,12,997.5333333333333,1956.5166666666669,498.76666666666665,0.0,357.0
19,20,27,4761.483333333334,1214.0447368421053,250.6043859649123,0.0,344.0
21,0,33,7078.933333333335,2090.376984126985,337.09206349206363,0.0,345.0
27,12,30,7446.8166666666675,1419.3455128205128,286.4160256410256,0.0,337.0
18,0,29,5255.383333333333,1573.2925925925929,291.9657407407407,0.0,343.0
2,3,8,701.3166666666666,906.1666666666665,350.6583333333333,0.0,345.0
19,0,34,5687.266666666665,3667.982456140352,299.32982456140337,0.0,361.0
25,0,33,7378.883333333332,2017.995138888889,307.45347222222216,0.0,386.0
3,67,3,31.85,45.46666666666667,10.616666666666667,0.0,389.0
38,31,40,10209.083333333334,1694.5301801801804,275.9211711711712,0.0,360.0
33,1,42,8649.283333333333,2367.4085858585863,262.0994949494949,0.0,362.0
4,53,26,1862.716666666667,3077.354166666666,465.67916666666673,0.0,365.0
35,32,38,7765.866666666668,1873.0504901960785,228.4078431372549,0.0,347.0
38,0,36,12796.433333333332,1832.8323529411769,376.36568627450976,0.0,353.0
2,53,5,494.33333333333326,363.69166666666666,247.16666666666663,0.0,355.0
38,33,37,10730.899999999998,2713.329729729729,290.02432432432425,0.0,340.0
36,0,39,10042.283333333333,2140.628431372549,295.36127450980393,0.0,343.0
5,41,20,1750.8666666666666,3562.71,350.1733333333333,0.0,348.0
27,36,35,8295.166666666666,2519.608641975309,307.22839506172835,0.0,334.0
47,0,38,10725.883333333333,1866.0900793650794,255.37817460317456,0.0,345.0
5,41,23,1418.833333333333,2741.0416666666665,354.70833333333326,0.0,350.0
35,24,40,13271.100000000002,3440.2897058823537,390.3264705882354,0.0,344.0
29,0,38,9680.616666666663,2195.943103448276,333.8143678160919,0.0,349.0
3,25,12,1187.7,1226.1333333333332,395.9,0.0,352.0
20,6,38,5697.8166666666675,2037.8745614035086,299.88508771929827,0.0,347.0
19,0,34,4878.083333333333,1529.1412280701754,256.7412280701754,0.0,360.0
1,0,8,266.3333333333333,3133.816666666666,266.3333333333333,0.0,361.0
15,0,31,7069.449999999999,2076.6322222222225,471.29666666666657,0.0,376.0
14,1,34,5388.166666666667,3725.6615384615375,414.474358974359,0.0,390.0
1,56,2,188.08333333333331,245.1833333333333,188.08333333333331,0.0,390.0
39,39,41,8349.099999999999,945.3196581196576,214.07948717948716,0.0,373.0
39,0,38,9598.283333333333,1458.5884259259255,266.6189814814814,0.0,373.0
3,52,12,617.6666666666667,1038.938888888889,205.88888888888889,0.0,376.0
38,26,37,10990.949999999997,2105.1872807017544,289.2355263157894,0.0,362.0
30,0,42,8804.4,2314.8720238095248,314.4428571428571,0.0,366.0
2,53,9,400.9833333333333,635.5,200.49166666666665,0.0,368.0
35,28,40,9465.05,1320.5680952380949,270.43,0.0,350.0
33,0,39,10318.116666666667,1705.6387096774192,332.8424731182796,0.0,355.0
5,57,10,766.2333333333332,550.3166666666667,153.24666666666667,0.0,360.0
46,27,42,12770.616666666667,1708.0125925925922,283.7914814814815,0.0,349.0
27,1,34,6347.3,1041.3749999999998,244.1269230769231,0.0,349.0
5,47,11,1214.15,703.13,242.83,0.0,353.0
36,31,42,9684.533333333333,2372.144607843137,284.83921568627443,0.0,342.0
39,0,42,7679.233333333334,1647.2061403508767,202.08508771929831,0.0,350.0
2,45,2,53.78333333333333,51.825,26.891666666666666,0.0,352.0
24,7,36,6616.6833333333325,1758.0557971014493,287.681884057971,0.0,331.0
14,0,28,3913.233333333333,1396.4011904761905,279.51666666666665,0.0,338.0
3,3,11,938.5333333333333,774.8722222222223,312.84444444444443,0.0,341.0
24,0,40,7757.4,2651.188095238096,369.4,0.0,362.0
16,0,36,6857.4333333333325,3773.378125,428.5895833333333,0.0,378.0
3,77,15,481.38333333333327,1036.727777777778,160.46111111111108,0.0,381.0
54,43,41,11424.249999999998,1232.9823333333334,228.485,0.0,358.0
56,1,40,10579.666666666666,1544.7701257861636,199.61635220125785,0.0,371.0
5,65,8,282.6666666666667,324.98,56.53333333333334,0.0,375.0
39,41,39,7066.400000000002,1082.5008771929822,185.95789473684212,0.0,349.0
39,0,36,8569.0,1480.0131578947369,225.5,0.0,347.0
4,51,20,1247.1833333333334,6391.258333333332,311.79583333333335,0.0,351.0
44,26,37,11406.966666666667,2122.3345833333333,285.1741666666667,0.0,344.0
48,1,39,9117.2,1156.0472222222222,189.9416666666667,0.0,366.0
5,77,9,176.13333333333335,231.76666666666665,35.22666666666667,0.0,370.0
50,39,36,9561.7,880.2246527777779,199.2020833333333,0.0,343.0
25,0,33,4368.6,806.1583333333333,182.025,0.0,329.0
2,38,7,84.58333333333333,122.775,42.29166666666666,0.0,331.0
27,33,32,5854.05,1394.6462962962964,216.81666666666663,0.0,320.0
23,0,37,3716.0333333333333,1262.5841269841271,176.95396825396824,0.0,310.0
1,21,6,491.11666666666673,1844.6,491.11666666666673,0.0,311.0
26,6,35,6451.1500000000015,1224.8474358974358,248.12115384615387,0.0,316.0
22,0,31,6288.633333333332,1606.5000000000002,285.84696969696967,0.0,332.0
1,3,6,469.2166666666666,1742.1833333333334,469.2166666666666,0.0,333.0
24,0,34,4373.966666666666,806.098611111111,182.2486111111111,0.0,354.0
21,0,30,4355.766666666666,1213.6690476190474,207.41746031746035,0.0,375.0
2,63,9,578.75,3450.0,289.375,0.0,377.0
57,45,44,11852.616666666667,1506.8193939393939,215.50212121212124,0.0,371.0
36,0,36,8252.100000000002,1180.136764705882,242.70882352941186,0.0,362.0
3,52,7,498.7833333333333,978.5833333333335,166.2611111111111,0.0,365.0
34,24,35,5729.483333333334,1179.7807291666666,179.04635416666667,0.0,347.0
32,0,31,5318.2,847.0618279569893,171.55483870967743,0.0,355.0
2,62,7,374.1833333333333,520.075,187.09166666666664,0.0,357.0
42,35,35,6295.500000000001,554.0097560975611,153.54878048780492,0.0,337.0
42,0,38,8536.199999999999,1149.8504273504273,218.87692307692302,0.0,344.0
2,76,5,209.4833333333333,246.79166666666663,104.74166666666666,0.0,346.0
37,35,36,6207.299999999997,625.7852380952382,177.35142857142853,0.0,307.0
35,0,37,9485.533333333336,1431.4347619047614,271.0152380952381,0.0,307.0
3,55,6,342.3,140.52777777777777,114.1,0.0,310.0
34,28,29,6511.016666666667,1002.8352941176472,191.50049019607846,0.0,289.0
31,0,35,7224.983333333333,773.5327956989247,233.06397849462365,0.0,292.0
2,29,1,17.083333333333332,11.966666666666665,8.541666666666666,0.0,294.0
30,7,26,5960.999999999999,880.0405555555556,198.7,0.0,295.0
21,0,32,5140.633333333332,1476.0875,257.03166666666664,0.0,309.0
3,1,8,828.8,832.2611111111113,276.26666666666665,0.0,312.0
22,0,23,5335.233333333334,826.5706349206349,254.05873015873016,0.0,333.0
24,0,34,5987.383333333332,1374.0722222222225,249.47430555555562,0.0,357.0
3,51,11,504.15,660.8277777777778,168.04999999999995,0.0,360.0
56,37,38,9797.583333333328,826.8141025641023,188.415064102564,0.0,365.0
56,1,39,9699.88333333333,752.6467948717946,186.53621794871788,0.0,384.0
3,77,5,428.81666666666666,251.87777777777774,142.93888888888893,0.0,386.0
44,43,35,7556.766666666667,954.7284552845528,184.3113821138212,0.0,353.0
48,2,35,8366.6,635.2684397163117,178.01276595744682,0.0,358.0
5,54,12,1257.1666666666667,653.2,251.4333333333333,0.0,361.0
45,34,36,7424.300000000002,687.9655555555557,164.98444444444448,0.0,352.0
54,1,38,8114.599999999998,564.7983974358976,156.04999999999995,0.0,372.0
